LocationID,City,Country,Latitude,Longitude
410,Coimbatore,India,13.0827,80.2707
411,Coimbatore,India,13.0827,80.2707
412,Coimbatore,India,13.0827,80.2707
413,Coimbatore,India,13.0827,80.2707
414,Coimbatore,India,13.0827,80.2707
415,Coimbatore,India,13.0827,80.2707
416,Coimbatore,India,13.0827,80.2707
417,Coimbatore,India,13.0827,80.2707
418,Coimbatore,India,13.0827,80.2707
419,Coimbatore,India,13.0827,80.2707
420,Coimbatore,India,13.0827,80.2707
421,Coimbatore,India,13.0827,80.2707
422,Coimbatore,India,13.0827,80.2707
423,Coimbatore,India,13.0827,80.2707
424,Coimbatore,India,13.0827,80.2707
425,Coimbatore,India,13.0827,80.2707
426,Coimbatore,India,13.0827,80.2707
427,Coimbatore,India,13.0827,80.2707
428,Coimbatore,India,13.0827,80.2707
429,Coimbatore,India,13.0827,80.2707
430,Coimbatore,India,13.0827,80.2707
431,Coimbatore,India,13.0827,80.2707
432,Coimbatore,India,13.0827,80.2707
433,Coimbatore,India,13.0827,80.2707
434,Coimbatore,India,13.0827,80.2707
435,Coimbatore,India,13.0827,80.2707
436,Coimbatore,India,13.0827,80.2707
437,Coimbatore,India,13.0827,80.2707
438,Coimbatore,India,13.0827,80.2707
439,Coimbatore,India,13.0827,80.2707
440,Coimbatore,India,13.0827,80.2707
441,Coimbatore,India,13.0827,80.2707
442,Coimbatore,India,13.0827,80.2707
443,Coimbatore,India,13.0827,80.2707
444,Coimbatore,India,13.0827,80.2707
445,Coimbatore,India,13.0827,80.2707
446,Coimbatore,India,13.0827,80.2707
447,Coimbatore,India,13.0827,80.2707
448,Coimbatore,India,13.0827,80.2707
449,Coimbatore,India,13.0827,80.2707
450,Coimbatore,India,13.0827,80.2707
451,Coimbatore,India,13.0827,80.2707
452,Coimbatore,India,13.0827,80.2707
453,Coimbatore,India,13.0827,80.2707
454,Coimbatore,India,13.0827,80.2707
455,Coimbatore,India,13.0827,80.2707
456,Coimbatore,India,13.0827,80.2707
457,Coimbatore,India,13.0827,80.2707
458,Coimbatore,India,13.0827,80.2707
459,Coimbatore,India,13.0827,80.2707
460,Coimbatore,India,13.0827,80.2707
461,Coimbatore,India,13.0827,80.2707
462,Coimbatore,India,13.0827,80.2707
463,Coimbatore,India,13.0827,80.2707
464,Coimbatore,India,13.0827,80.2707
465,Coimbatore,India,13.0827,80.2707
466,Coimbatore,India,13.0827,80.2707
467,Coimbatore,India,13.0827,80.2707
468,Coimbatore,India,13.0827,80.2707
469,Coimbatore,India,13.0827,80.2707
470,Coimbatore,India,13.0827,80.2707
471,Coimbatore,India,13.0827,80.2707
472,Coimbatore,India,13.0827,80.2707
473,Coimbatore,India,13.0827,80.2707
474,Coimbatore,India,13.0827,80.2707
475,Coimbatore,India,13.0827,80.2707
476,Coimbatore,India,13.0827,80.2707
477,Coimbatore,India,13.0827,80.2707
478,Coimbatore,India,13.0827,80.2707
479,Coimbatore,India,13.0827,80.2707
480,Coimbatore,India,13.0827,80.2707
481,Coimbatore,India,13.0827,80.2707
482,Coimbatore,India,13.0827,80.2707
483,Coimbatore,India,13.0827,80.2707
484,Coimbatore,India,13.0827,80.2707
485,Coimbatore,India,13.0827,80.2707
486,Coimbatore,India,13.0827,80.2707
487,Coimbatore,India,13.0827,80.2707
488,Coimbatore,India,13.0827,80.2707
489,Coimbatore,India,13.0827,80.2707
490,Coimbatore,India,13.0827,80.2707
491,Coimbatore,India,13.0827,80.2707
492,Coimbatore,India,13.0827,80.2707
493,Coimbatore,India,13.0827,80.2707
494,Coimbatore,India,13.0827,80.2707
495,Coimbatore,India,13.0827,80.2707
496,Coimbatore,India,13.0827,80.2707
497,Coimbatore,India,13.0827,80.2707
498,Coimbatore,India,13.0827,80.2707
499,Coimbatore,India,13.0827,80.2707
500,Coimbatore,India,13.0827,80.2707
501,Coimbatore,India,13.0827,80.2707
502,Coimbatore,India,13.0827,80.2707
503,Coimbatore,India,13.0827,80.2707
504,Coimbatore,India,13.0827,80.2707
505,Coimbatore,India,13.0827,80.2707
506,Coimbatore,India,13.0827,80.2707
507,Coimbatore,India,13.0827,80.2707
508,Coimbatore,India,13.0827,80.2707
509,Coimbatore,India,13.0827,80.2707
510,Coimbatore,India,13.0827,80.2707
511,Coimbatore,India,13.0827,80.2707
512,Coimbatore,India,13.0827,80.2707
513,Coimbatore,India,13.0827,80.2707
514,Coimbatore,India,13.0827,80.2707
515,Coimbatore,India,13.0827,80.2707
516,Coimbatore,India,13.0827,80.2707
517,Coimbatore,India,13.0827,80.2707
518,Coimbatore,India,13.0827,80.2707
519,Coimbatore,India,13.0827,80.2707
520,Coimbatore,India,13.0827,80.2707
521,Coimbatore,India,13.0827,80.2707
522,Coimbatore,India,13.0827,80.2707
523,Coimbatore,India,13.0827,80.2707
524,Coimbatore,India,13.0827,80.2707
525,Coimbatore,India,13.0827,80.2707
526,Coimbatore,India,13.0827,80.2707
527,Coimbatore,India,13.0827,80.2707
528,Coimbatore,India,13.0827,80.2707
529,Coimbatore,India,13.0827,80.2707
530,Coimbatore,India,13.0827,80.2707
531,Coimbatore,India,13.0827,80.2707
532,Coimbatore,India,13.0827,80.2707
533,Coimbatore,India,13.0827,80.2707
534,Coimbatore,India,13.0827,80.2707
535,Coimbatore,India,13.0827,80.2707
536,Coimbatore,India,13.0827,80.2707
537,Coimbatore,India,13.0827,80.2707
538,Coimbatore,India,13.0827,80.2707
539,Coimbatore,India,13.0827,80.2707
540,Coimbatore,India,13.0827,80.2707
541,Coimbatore,India,13.0827,80.2707
542,Coimbatore,India,13.0827,80.2707
543,Coimbatore,India,13.0827,80.2707
544,Coimbatore,India,13.0827,80.2707
545,Coimbatore,India,13.0827,80.2707
546,Coimbatore,India,13.0827,80.2707
547,Coimbatore,India,13.0827,80.2707
548,Coimbatore,India,13.0827,80.2707
549,Coimbatore,India,13.0827,80.2707
550,Coimbatore,India,13.0827,80.2707
551,Coimbatore,India,13.0827,80.2707
552,Coimbatore,India,13.0827,80.2707
553,Coimbatore,India,13.0827,80.2707
554,Coimbatore,India,13.0827,80.2707
555,Coimbatore,India,13.0827,80.2707
556,Coimbatore,India,13.0827,80.2707
557,Coimbatore,India,13.0827,80.2707
558,Coimbatore,India,13.0827,80.2707
559,Coimbatore,India,13.0827,80.2707
560,Coimbatore,India,13.0827,80.2707
561,Coimbatore,India,13.0827,80.2707
562,Coimbatore,India,13.0827,80.2707
563,Coimbatore,India,13.0827,80.2707
564,Coimbatore,India,13.0827,80.2707
565,Coimbatore,India,13.0827,80.2707
566,Coimbatore,India,13.0827,80.2707
567,Coimbatore,India,13.0827,80.2707
568,Coimbatore,India,13.0827,80.2707
569,Coimbatore,India,13.0827,80.2707
570,Coimbatore,India,13.0827,80.2707
571,Coimbatore,India,13.0827,80.2707
572,Coimbatore,India,13.0827,80.2707
573,Coimbatore,India,13.0827,80.2707
574,Coimbatore,India,13.0827,80.2707
575,Coimbatore,India,13.0827,80.2707
576,Coimbatore,India,13.0827,80.2707
577,Coimbatore,India,13.0827,80.2707
578,Coimbatore,India,13.0827,80.2707
579,Coimbatore,India,13.0827,80.2707
580,Coimbatore,India,13.0827,80.2707
581,Coimbatore,India,13.0827,80.2707
582,Coimbatore,India,13.0827,80.2707
583,Coimbatore,India,13.0827,80.2707
584,Coimbatore,India,13.0827,80.2707
585,Coimbatore,India,13.0827,80.2707
586,Coimbatore,India,13.0827,80.2707
587,Coimbatore,India,13.0827,80.2707
588,Coimbatore,India,13.0827,80.2707
589,Coimbatore,India,13.0827,80.2707
590,Coimbatore,India,13.0827,80.2707
591,Coimbatore,India,13.0827,80.2707
592,Coimbatore,India,13.0827,80.2707
593,Coimbatore,India,13.0827,80.2707
594,Coimbatore,India,13.0827,80.2707
595,Coimbatore,India,13.0827,80.2707
596,Coimbatore,India,13.0827,80.2707
597,Coimbatore,India,13.0827,80.2707
598,Coimbatore,India,13.0827,80.2707
599,Coimbatore,India,13.0827,80.2707
600,Coimbatore,India,13.0827,80.2707
601,Coimbatore,India,13.0827,80.2707
602,Coimbatore,India,13.0827,80.2707
603,Coimbatore,India,13.0827,80.2707
604,Coimbatore,India,13.0827,80.2707
605,Coimbatore,India,13.0827,80.2707
606,Coimbatore,India,13.0827,80.2707
607,Coimbatore,India,13.0827,80.2707
608,Coimbatore,India,13.0827,80.2707
609,Coimbatore,India,13.0827,80.2707
610,Coimbatore,India,13.0827,80.2707
611,Coimbatore,India,13.0827,80.2707
612,Coimbatore,India,13.0827,80.2707
613,Coimbatore,India,13.0827,80.2707
614,Chennai,India,16.089,90.087
615,Chennai,India,16.089,90.087
616,Chennai,India,16.089,90.087
617,Chennai,India,16.089,90.087
618,Chennai,India,16.089,90.087
619,Chennai,India,16.089,90.087
620,Chennai,India,16.089,90.087
621,Chennai,India,16.089,90.087
622,Chennai,India,16.089,90.087
623,Chennai,India,16.089,90.087
